MODELO,IMEI,%,FORNECEDOR/CLIENTE,Nº CLIENTE,PREÇO DE VENDA,STATUS
IPHONE 16 PRO MAX 256GB DESERT (SEMINOVO),354423231912896,98%,,,R$ 5.290,00,Disponível
IPHONE 16 PRO MAX 256GB DESERT (SEMINOVO),355783821067844,90%,,,R$ 5.290,00,Disponível
IPHONE 16 PRO MAX 256GB NATURAL (SEMINOVO),357666539782695,89%,,,R$ 5.290,00,Disponível
IPHONE 16 PRO 256GB DESERT (SEMINOVO),355031539701967,99%,,,R$ 4.990,00,Disponível
IPHONE 16 PRO 256GB BRANCO (SEMINOVO),354078660093160,92%,,,R$ 4.990,00,Disponível
IPHONE 16 128GB BRANCO (SEMINOVO),355578254998590,91%,,,R$ 3.790,00,Disponível
IPHONE 16e 128GB BRANCO (SEMINOVO),355441318646881,92%,,,R$ 2.990,00,Disponível
IPHONE 15 PRO 128GB AZUL (SEMINOVO),355473490813904,85%,,,R$ 3.690,00,Disponível
IPHONE 14 PLUS 128GB PRETO (SEMINOVO),353981763188160,89%,,,R$ 2.790,00,Disponível
IPHONE 14 128GB PRETO (SEMINOVO),351955449817055,84%,,,R$ 2.390,00,Disponível
IPHONE 13 PRO MAX 128GB BRANCO (SEMINOVO),359481987874150,85%,,,R$ 2.990,00,Disponível
IPHONE 13 PRO MAX 128GB BRANCO (SEMINOVO),353987815593937,84%,,,R$ 2.990,00,Disponível
IPHONE 13 PRO MAX 256GB GRAFITE (SEMINOVO),356514413104985,85%,,,R$ 3.190,00,Disponível
IPHONE 13 128GB PRETO (SEMINOVO),359143407076830,Bateria Trocada (100%),,,R$ 1.590,00,Disponível
IPHONE 12 PRO MAX 128GB AZUL (SEMINOVO),357104910512150,82%,,,R$ 1.990,00,Disponível
